code,name,currency,points,first,last,close
ARK01,Erste Akcji Polskich,PLN,7183,1998-04-02,2026-09-29,90.4
ARK04,Erste Stabilnego Wzrostu,PLN,6763,1999-11-26,2026-09-29,45.84
ARK09,Erste Zrównoważony,PLN,6230,2002-01-07,2026-09-29,52.39
ARK13,Credit Agricole Stabilnego Wzrostu,PLN,5898,2003-05-05,2026-09-29,399.37
ARK23,Erste Prestiż Obligacji Skarbowych,PLN,4000,2010-11-16,2026-09-29,1656.21
ARK24,Erste Prestiż Akcji Polskich,PLN,4000,2010-11-16,2026-09-29,4079.01
ARK27,Erste Prestiż Obligacji Korporacyjnych,PLN,3867,2011-05-27,2026-09-29,1725.45
ARK32,Erste Umiarkowany,PLN,3017,2014-10-13,2026-09-29,89.55
ARK32S,Erste Umiarkowany S,PLN,3017,2014-10-13,2026-09-29,90.82
ARK32T,Erste Umiarkowany T,PLN,3017,2014-10-13,2026-09-29,92.88
ARK35,Erste Prestiż Akcji Europejskich,PLN,2675,2016-02-19,2026-09-29,2166.26
ARK37,Erste Akcji Małych i Średnich Spółek,PLN,2244,2017-11-03,2026-09-29,173.07
ARK37S,Erste Akcji Małych i Średnich Spółek S,PLN,2244,2017-11-03,2026-09-29,174.31
ARK37T,Erste Akcji Małych i Średnich Spółek T,PLN,2244,2017-11-03,2026-09-29,176.64
ARK38,Erste Prestiż Alfa,PLN,2186,2018-01-30,2026-09-29,1543.54
ARK39,Erste Prestiż Akcji Rynków Wschodzących,PLN,2186,2018-01-30,2026-09-29,1360.74
ARK42,Erste Prestiż Technologii i Innowacji,PLN,2182,2018-02-05,2026-09-29,3404.79
ARK47,Erste PPK 2025,PLN,1724,2019-12-02,2026-09-29,1395.02
ARK48,Erste PPK 2030,PLN,1724,2019-12-02,2026-09-29,1718.54
ARK49,Erste PPK 2035,PLN,1733,2019-11-19,2026-09-29,2064.15
ARK50,Erste PPK 2040,PLN,1729,2019-11-25,2026-09-29,2263.08
ARK51,Erste PPK 2045,PLN,1729,2019-11-25,2026-09-29,2399.94
ARK52,Erste PPK 2050,PLN,1729,2019-11-25,2026-09-29,2434.39
ARK53,Erste PPK 2055,PLN,1724,2019-12-02,2026-09-29,2328.46
ARK54,Erste PPK 2060,PLN,1724,2019-12-02,2026-09-29,2217.05
ARK55,Erste Akcji Spółek Wzrostowych,PLN,4764,2007-10-29,2026-09-29,79.09
ARK55S,Erste Akcji Spółek Wzrostowych S,PLN,4764,2007-10-29,2026-09-29,83.17
ARK55T,Erste Akcji Spółek Wzrostowych T,PLN,4764,2007-10-29,2026-09-29,87.8
ARK57,Erste Prestiż Akcji Globalnych,PLN,2675,2016-02-19,2026-09-29,1709.24
ARK58,Erste Prestiż Dłużny Globalny,PLN,1449,2021-01-04,2026-09-29,1128.77
ARK59,Erste PPK 2065,PLN,1341,2021-06-09,2026-09-29,1987.09
ARK60,Erste Prestiż Akcji Amerykańskich,PLN,2186,2018-01-30,2026-09-29,1334.64
ARK61,Erste Prestiż Future Wealth,PLN,2178,2018-02-09,2026-09-29,1185.48
ARK63,Erste Prestiż Dłużny Aktywny,PLN,1601,2020-05-29,2026-09-29,1192.76
ARK64,Erste Prestiż Fair Invest,PLN,2178,2018-02-09,2026-09-29,1493.52
ARK65,Erste Prestiż Spokojna Inwestycja,PLN,645,2024-03-07,2026-09-29,1115.57
ARK66,Erste Dłużny Krótkoterminowy,PLN,6087,2002-08-01,2026-09-29,38.9
ARK66S,Erste Dłużny Krótkoterminowy S,PLN,5815,2003-09-01,2026-09-29,39.77
ARK66T,Erste Dłużny Krótkoterminowy T,PLN,5815,2003-09-01,2026-09-29,40.71
ARK67,Erste Obligacji Uniwersalny,PLN,3688,2012-02-10,2026-09-29,79.86
ARK67S,Erste Obligacji Uniwersalny S,PLN,3688,2012-02-10,2026-09-29,80.59
ARK67T,Erste Obligacji Uniwersalny T,PLN,3688,2012-02-10,2026-09-29,82.2
ARK70,Erste Prestiż Krótkoterminowy Uniwersalny,PLN,3240,2013-11-22,2026-09-29,1390.89
ARK72,Erste PPK 2070,PLN,73,2026-06-19,2026-09-29,1070.84
AXA01,UNIQA Selektywny Akcji Polskich,PLN,4094,2010-07-05,2026-09-29,385.96
AXA01E,UNIQA Selektywny Akcji Polskich E,PLN,2234,2017-11-17,2026-09-29,449.71
AXA01F,UNIQA Selektywny Akcji Polskich F,PLN,2689,2016-02-01,2026-09-29,449.21
AXA02,UNIQA Akcji,PLN,4094,2010-07-05,2026-09-29,286.31
AXA02E,UNIQA Akcji E,PLN,2224,2017-12-01,2026-09-29,321.32
AXA02F,UNIQA Akcji F,PLN,2689,2016-02-01,2026-09-29,338.03
AXA05,UNIQA Obligacji Uniwersalny,PLN,4094,2010-07-05,2026-09-29,152.11
AXA05E,UNIQA Obligacji Uniwersalny E,PLN,2233,2017-11-20,2026-09-29,160.57
AXA05F,UNIQA Obligacji Uniwersalny F,PLN,2689,2016-02-01,2026-09-29,167.25
AXA06,UNIQA Dłużny Uniwersalny Krótkoterminowy,PLN,4094,2010-07-05,2026-09-29,160.15
AXA06E,UNIQA Dłużny Uniwersalny Krótkoterminowy E,PLN,2235,2017-11-16,2026-09-29,164.81
AXA06F,UNIQA Dłużny Uniwersalny Krótkoterminowy F,PLN,2701,2016-01-14,2026-09-29,168.1
AXA07,UNIQA Selective Equity,PLN,4094,2010-07-05,2026-09-29,369.13
AXA07E,UNIQA Selective Equity E,PLN,2236,2017-11-15,2026-09-29,451.34
AXA07F,UNIQA Selective Equity F,PLN,2708,2016-01-04,2026-09-29,438.07
AXA12,UNIQA Akcji Małych i Średnich Spółek,PLN,3167,2014-03-11,2026-09-29,394.51
AXA12E,UNIQA Akcji Małych i Średnich Spółek E,PLN,2230,2017-11-23,2026-09-29,442.03
AXA12F,UNIQA Akcji Małych i Średnich Spółek F,PLN,2689,2016-02-01,2026-09-29,456.82
AXA16,UNIQA Globalny Akcji,PLN,2244,2017-11-03,2026-09-29,180.65
AXA16E,UNIQA Globalny Akcji E,PLN,1966,2018-12-13,2026-09-29,203.05
AXA16F,UNIQA Globalny Akcji F,PLN,1868,2019-05-08,2026-09-29,199.02
AXA17,UNIQA Globalny Dłużny Uniwersalny,PLN,2244,2017-11-03,2026-09-29,108.41
AXA17E,UNIQA Globalny Dłużny Uniwersalny E,PLN,1966,2018-12-13,2026-09-29,115.98
AXA17F,UNIQA Globalny Dłużny Uniwersalny F,PLN,1834,2019-06-26,2026-09-29,112.91
AXA19,UNIQA Akcji Amerykańskich,PLN,2244,2017-11-03,2026-09-29,285.81
AXA19E,UNIQA Akcji Amerykańskich E,PLN,2240,2017-11-09,2026-09-29,308.85
AXA19F,UNIQA Akcji Amerykańskich F,PLN,1877,2019-04-23,2026-09-29,305.62
AXA20,UNIQA Akcji Europejskich,PLN,2244,2017-11-03,2026-09-29,132.7
AXA20E,UNIQA Akcji Europejskich E,PLN,2240,2017-11-09,2026-09-29,146.92
AXA20F,UNIQA Akcji Europejskich F,PLN,1887,2019-04-08,2026-09-29,146.47
AXA23,UNIQA Akcji Rynków Wschodzących,PLN,3167,2014-03-11,2026-09-29,157.28
AXA23E,UNIQA Akcji Rynków Wschodzących E,PLN,2137,2018-04-10,2026-09-29,171.43
AXA23F,UNIQA Akcji Rynków Wschodzących F,PLN,2689,2016-02-01,2026-09-29,170.98
AXA24,UNIQA Emerytura 2025,PLN,1757,2019-10-14,2026-09-29,149.61
AXA25,UNIQA Emerytura 2030,PLN,1757,2019-10-14,2026-09-29,184.55
AXA26,UNIQA Emerytura 2035,PLN,1757,2019-10-14,2026-09-29,221.12
AXA27,UNIQA Emerytura 2040,PLN,1757,2019-10-14,2026-09-29,248.37
AXA28,UNIQA Emerytura 2045,PLN,1757,2019-10-14,2026-09-29,270.53
AXA29,UNIQA Emerytura 2050,PLN,1757,2019-10-14,2026-09-29,281.38
AXA30,UNIQA Emerytura 2055,PLN,1757,2019-10-14,2026-09-29,284.16
AXA31,UNIQA Emerytura 2060,PLN,1757,2019-10-14,2026-09-29,290.15
AXA32,UNIQA Emerytura 2065,PLN,1384,2021-04-07,2026-09-29,210.11
AXA35,UNIQA Akcji Rynku Złota,PLN,1209,2021-12-14,2026-09-29,204.43
AXA35E,UNIQA Akcji Rynku Złota E,PLN,1223,2021-11-24,2026-09-29,219.83
AXA35F,UNIQA Akcji Rynku Złota F,PLN,1223,2021-11-24,2026-09-29,219.63
AXA36,UNIQA Stabilnego Wzrostu,PLN,4094,2010-07-05,2026-09-29,168.11
AXA36E,UNIQA Stabilnego Wzrostu E,PLN,2234,2017-11-17,2026-09-29,194.65
AXA36F,UNIQA Stabilnego Wzrostu F,PLN,2689,2016-02-01,2026-09-29,200.78
AXA39,UNIQA Makroalokacji,PLN,4094,2010-07-05,2026-09-29,227.14
AXA39E,UNIQA Makroalokacji E,PLN,2234,2017-11-17,2026-09-29,255.83
AXA39F,UNIQA Makroalokacji F,PLN,2688,2016-02-02,2026-09-29,268.34
AXA40,UNIQA Emerytura 2070,PLN,117,2026-04-16,2026-09-29,109.6
AXA41,UNIQA Obligacji Korporacyjnych,PLN,4094,2010-07-05,2026-09-29,166.94
AXA41E,UNIQA Obligacji Korporacyjnych E,PLN,2240,2017-11-09,2026-09-29,175.55
AXA41F,UNIQA Obligacji Korporacyjnych F,PLN,2699,2016-01-18,2026-09-29,179.06
ING01,ING Akcji,PLN,7201,1998-03-09,2026-09-29,816.76
ING01F,ING Akcji F,PLN,5159,2006-03-31,2026-09-29,1063.06
ING01T,ING Akcji T,PLN,3694,2012-02-02,2026-09-29,1058.05
ING01U,ING Akcji U,PLN,1015,2022-09-19,2026-09-29,858.44
ING01W,ING Akcji W,PLN,1845,2019-06-10,2026-09-29,931.03
ING02,ING Zrównoważony,PLN,7201,1998-03-09,2026-09-29,619.4
ING02F,ING Zrównoważony F,PLN,5159,2006-03-31,2026-09-29,795.16
ING02T,ING Zrównoważony T,PLN,3694,2012-02-02,2026-09-29,787.51
ING02U,ING Zrównoważony U,PLN,1015,2022-09-19,2026-09-29,653.11
ING02W,ING Zrównoważony W,PLN,1845,2019-06-10,2026-09-29,709.82
ING03,ING Konserwatywny,PLN,6955,1999-02-24,2026-09-29,345.6
ING03E,ING Konserwatywny E,PLN,4638,2008-05-06,2026-09-29,354.2
ING03F,ING Konserwatywny F,PLN,5556,2004-09-07,2026-09-29,361.38
ING03K,ING Konserwatywny K,PLN,3491,2012-11-22,2026-09-29,350.66
ING03S,ING Konserwatywny S,PLN,1988,2018-11-13,2026-09-29,353.74
ING03T,ING Konserwatywny T,PLN,3694,2012-02-02,2026-09-29,355.93
ING03U,ING Konserwatywny U,PLN,953,2022-12-16,2026-09-29,350.95
ING03W,ING Konserwatywny W,PLN,1845,2019-06-10,2026-09-29,350.9
ING04,ING Obligacji,PLN,6955,1999-02-24,2026-09-29,385.34
ING04F,ING Obligacji F,PLN,5159,2006-03-31,2026-09-29,428.45
ING04P,ING Obligacji P,PLN,5886,2003-05-21,2026-09-29,390.64
ING04T,ING Obligacji T,PLN,3694,2012-02-02,2026-09-29,412.86
ING04U,ING Obligacji U,PLN,1015,2022-09-19,2026-09-29,397.09
ING04W,ING Obligacji W,PLN,1845,2019-06-10,2026-09-29,410.75
ING07,ING Stabilnego Wzrostu,PLN,6501,2000-12-06,2026-09-29,415.14
ING07F,ING Stabilnego Wzrostu F,PLN,5159,2006-03-31,2026-09-29,517.71
ING07U,ING Stabilnego Wzrostu U,PLN,1015,2022-09-19,2026-09-29,437.47
ING07W,ING Stabilnego Wzrostu W,PLN,1845,2019-06-10,2026-09-29,471.55
ING17,ING Średnich i Małych Spółek,PLN,5286,2005-09-30,2026-09-29,590.0
ING17K,ING Średnich i Małych Spółek K,PLN,469,2024-11-19,2026-09-29,592.01
ING17U,ING Średnich i Małych Spółek U,PLN,1015,2022-09-19,2026-09-29,620.92
ING17W,ING Średnich i Małych Spółek W,PLN,140,2026-03-13,2026-09-29,595.75
ING35,ING Globalny Akcji Dywidendowych,PLN,4247,2009-11-23,2026-09-29,501.85
ING35E,ING Globalny Akcji Dywidendowych E,PLN,3943,2011-02-07,2026-09-29,602.58
ING35F,ING Globalny Akcji Dywidendowych F,PLN,2979,2014-12-05,2026-09-29,600.96
ING35K,ING Globalny Akcji Dywidendowych K,PLN,3260,2013-10-23,2026-09-29,535.58
ING35P,ING Globalny Akcji Dywidendowych P,PLN,314,2025-07-03,2026-09-29,502.09
ING35S,ING Globalny Akcji Dywidendowych S,PLN,1975,2018-11-30,2026-09-29,570.89
ING35T,ING Globalny Akcji Dywidendowych T,PLN,3694,2012-02-02,2026-09-29,603.87
ING35W,ING Globalny Akcji Dywidendowych W,PLN,1845,2019-06-10,2026-09-29,561.87
ING36,ING Akcji USA,PLN,4247,2009-11-23,2026-09-29,419.43
ING36E,ING Akcji USA E,PLN,2656,2016-03-17,2026-09-29,472.27
ING36F,ING Akcji USA F,PLN,2979,2014-12-05,2026-09-29,503.17
ING36K,ING Akcji USA K,PLN,3260,2013-10-23,2026-09-29,448.07
ING36S,ING Akcji USA S,PLN,1849,2019-06-04,2026-09-29,473.43
ING36T,ING Akcji USA T,PLN,3506,2012-10-31,2026-09-29,500.29
ING36W,ING Akcji USA W,PLN,1830,2019-07-02,2026-09-29,469.22
ING37,ING Akcji Europejskich,PLN,4247,2009-11-23,2026-09-29,336.99
ING37E,ING Akcji Europejskich E,PLN,2172,2018-02-19,2026-09-29,370.61
ING37F,ING Akcji Europejskich F,PLN,2979,2014-12-05,2026-09-29,404.87
ING37K,ING Akcji Europejskich K,PLN,3260,2013-10-23,2026-09-29,359.93
ING37S,ING Akcji Europejskich S,PLN,1837,2019-06-21,2026-09-29,380.57
ING37T,ING Akcji Europejskich T,PLN,3505,2012-11-02,2026-09-29,402.41
ING37W,ING Akcji Europejskich W,PLN,1841,2019-06-14,2026-09-29,377.69
ING43,ING Akcji Japońskich,PLN,4247,2009-11-23,2026-09-29,556.21
ING43E,ING Akcji Japońskich E,PLN,2668,2016-03-01,2026-09-29,627.01
ING43F,ING Akcji Japońskich F,PLN,2979,2014-12-05,2026-09-29,667.51
ING43K,ING Akcji Japońskich K,PLN,3260,2013-10-23,2026-09-29,593.95
ING43S,ING Akcji Japońskich S,PLN,1429,2021-02-02,2026-09-29,608.41
ING43T,ING Akcji Japońskich T,PLN,3437,2013-02-11,2026-09-29,662.02
ING43W,ING Akcji Japońskich W,PLN,1784,2019-09-05,2026-09-29,620.36
ING45,ING Akcji Rynków Wschodzących,PLN,4247,2009-11-23,2026-09-29,234.33
ING45E,ING Akcji Rynków Wschodzących E,PLN,3943,2011-02-07,2026-09-29,283.0
ING45F,ING Akcji Rynków Wschodzących F,PLN,2979,2014-12-05,2026-09-29,282.26
ING45K,ING Akcji Rynków Wschodzących K,PLN,3260,2013-10-23,2026-09-29,250.36
ING45S,ING Akcji Rynków Wschodzących S,PLN,1975,2018-11-30,2026-09-29,267.79
ING45T,ING Akcji Rynków Wschodzących T,PLN,3694,2012-02-02,2026-09-29,283.64
ING45W,ING Akcji Rynków Wschodzących W,PLN,1830,2019-07-02,2026-09-29,262.62
ING48,ING Globalny Obligacji Wysokodochodowych,PLN,4247,2009-11-23,2026-09-29,228.52
ING48E,ING Globalny Obligacji Wysokodochodowych E,PLN,3943,2011-02-07,2026-09-29,258.85
ING48F,ING Globalny Obligacji Wysokodochodowych F,PLN,3287,2013-09-16,2026-09-29,266.99
ING48K,ING Globalny Obligacji Wysokodochodowych K,PLN,3260,2013-10-23,2026-09-29,243.23
ING48S,ING Globalny Obligacji Wysokodochodowych S,PLN,1975,2018-11-30,2026-09-29,251.18
ING48T,ING Globalny Obligacji Wysokodochodowych T,PLN,3694,2012-02-02,2026-09-29,260.69
ING48W,ING Globalny Obligacji Wysokodochodowych W,PLN,1845,2019-06-10,2026-09-29,249.25
ING54,ING Konserwatywny Plus,PLN,3821,2011-08-02,2026-09-29,148.53
ING54F,ING Konserwatywny Plus F,PLN,2948,2015-01-23,2026-09-29,154.18
ING54S,ING Konserwatywny Plus S,PLN,545,2024-07-31,2026-09-29,149.68
ING54T,ING Konserwatywny Plus T,PLN,3437,2013-02-11,2026-09-29,150.71
ING54W,ING Konserwatywny Plus W,PLN,1722,2019-12-04,2026-09-29,150.51
ING55,ING Obligacji Rynków Wschodzących (Waluta Lokalna),PLN,3702,2012-01-23,2026-09-29,92.78
ING55E,ING Obligacji Rynków Wschodzących (Waluta Lokalna) E,PLN,3258,2013-10-25,2026-09-29,102.87
ING55F,ING Obligacji Rynków Wschodzących (Waluta Lokalna) F,PLN,2979,2014-12-05,2026-09-29,106.85
ING55K,ING Obligacji Rynków Wschodzących (Waluta Lokalna) K,PLN,3260,2013-10-23,2026-09-29,98.46
ING55S,ING Obligacji Rynków Wschodzących (Waluta Lokalna) S,PLN,1832,2019-06-28,2026-09-29,101.27
ING55T,ING Obligacji Rynków Wschodzących (Waluta Lokalna) T,PLN,3258,2013-10-25,2026-09-29,104.32
ING55W,ING Obligacji Rynków Wschodzących (Waluta Lokalna) W,PLN,1830,2019-07-02,2026-09-29,100.51
ING57,ING Spokojna Perspektywa,PLN,3662,2012-03-19,2026-09-29,172.4
ING57E,ING Spokojna Perspektywa E,PLN,3084,2014-07-09,2026-09-29,179.98
ING57F,ING Spokojna Perspektywa F,PLN,3287,2013-09-16,2026-09-29,193.17
ING57K,ING Spokojna Perspektywa K,PLN,3478,2012-12-11,2026-09-29,181.34
ING57S,ING Spokojna Perspektywa S,PLN,1988,2018-11-13,2026-09-29,185.41
ING57T,ING Spokojna Perspektywa T,PLN,3591,2012-07-03,2026-09-29,189.3
ING57W,ING Spokojna Perspektywa W,PLN,1851,2019-05-31,2026-09-29,183.01
ING58,ING Perspektywa 2030,PLN,3662,2012-03-19,2026-09-29,191.82
ING58E,ING Perspektywa 2030 E,PLN,3359,2013-06-05,2026-09-29,203.41
ING58F,ING Perspektywa 2030 F,PLN,3287,2013-09-16,2026-09-29,218.36
ING58K,ING Perspektywa 2030 K,PLN,3495,2012-11-16,2026-09-29,201.74
ING58S,ING Perspektywa 2030 S,PLN,1988,2018-11-13,2026-09-29,207.97
ING58T,ING Perspektywa 2030 T,PLN,3591,2012-07-03,2026-09-29,214.92
ING58W,ING Perspektywa 2030 W,PLN,1851,2019-05-31,2026-09-29,205.16
ING59,ING Perspektywa 2035,PLN,3662,2012-03-19,2026-09-29,203.77
ING59E,ING Perspektywa 2035 E,PLN,3375,2013-05-13,2026-09-29,217.42
ING59F,ING Perspektywa 2035 F,PLN,3287,2013-09-16,2026-09-29,236.21
ING59K,ING Perspektywa 2035 K,PLN,3499,2012-11-12,2026-09-29,216.15
ING59S,ING Perspektywa 2035 S,PLN,1988,2018-11-13,2026-09-29,223.23
ING59T,ING Perspektywa 2035 T,PLN,3591,2012-07-03,2026-09-29,233.0
ING59W,ING Perspektywa 2035 W,PLN,1851,2019-05-31,2026-09-29,220.09
ING60,ING Perspektywa 2040,PLN,3662,2012-03-19,2026-09-29,208.68
ING60E,ING Perspektywa 2040 E,PLN,3325,2013-07-23,2026-09-29,224.31
ING60F,ING Perspektywa 2040 F,PLN,3287,2013-09-16,2026-09-29,246.77
ING60K,ING Perspektywa 2040 K,PLN,3494,2012-11-19,2026-09-29,224.34
ING60S,ING Perspektywa 2040 S,PLN,1988,2018-11-13,2026-09-29,231.42
ING60T,ING Perspektywa 2040 T,PLN,3591,2012-07-03,2026-09-29,243.76
ING60W,ING Perspektywa 2040 W,PLN,1851,2019-05-31,2026-09-29,227.91
ING61,ING Perspektywa 2045,PLN,3662,2012-03-19,2026-09-29,216.96
ING61E,ING Perspektywa 2045 E,PLN,3312,2013-08-09,2026-09-29,234.13
ING61F,ING Perspektywa 2045 F,PLN,3287,2013-09-16,2026-09-29,258.41
ING61K,ING Perspektywa 2045 K,PLN,3504,2012-11-05,2026-09-29,234.0
ING61S,ING Perspektywa 2045 S,PLN,1988,2018-11-13,2026-09-29,242.73
ING61T,ING Perspektywa 2045 T,PLN,3591,2012-07-03,2026-09-29,256.07
ING61W,ING Perspektywa 2045 W,PLN,1851,2019-05-31,2026-09-29,239.24
ING65,ING Krótkoterminowy Obligacji,PLN,3079,2014-07-16,2026-09-29,178.77
ING65E,ING Krótkoterminowy Obligacji E,PLN,2696,2016-01-21,2026-09-29,182.06
ING65F,ING Krótkoterminowy Obligacji F,PLN,2965,2014-12-29,2026-09-29,192.03
ING65K,ING Krótkoterminowy Obligacji K,PLN,3032,2014-09-22,2026-09-29,183.87
ING65P,ING Krótkoterminowy Obligacji P,PLN,3079,2014-07-16,2026-09-29,178.72
ING65S,ING Krótkoterminowy Obligacji S,PLN,3079,2014-07-16,2026-09-29,189.46
ING65T,ING Krótkoterminowy Obligacji T,PLN,2694,2016-01-25,2026-09-29,183.96
ING65U,ING Krótkoterminowy Obligacji U,PLN,973,2022-11-18,2026-09-29,184.45
ING65W,ING Krótkoterminowy Obligacji W,PLN,1832,2019-06-28,2026-09-29,187.68
ING67,ING Pakiet Ostrożny,PLN,2928,2015-02-20,2026-09-29,138.88
ING68,ING Pakiet Umiarkowany,PLN,2928,2015-02-20,2026-09-29,150.44
ING76,ING Obligacji Plus,PLN,2062,2018-07-27,2026-09-29,140.32
ING76E,ING Obligacji Plus E,PLN,2062,2018-07-27,2026-09-29,142.9
ING76F,ING Obligacji Plus F,PLN,2062,2018-07-27,2026-09-29,148.27
ING76K,ING Obligacji Plus K,PLN,2062,2018-07-27,2026-09-29,142.64
ING76P,ING Obligacji Plus P,PLN,2062,2018-07-27,2026-09-29,141.33
ING76S,ING Obligacji Plus S,PLN,1961,2018-12-20,2026-09-29,148.16
ING76T,ING Obligacji Plus T,PLN,1083,2022-06-13,2026-09-29,142.35
ING76U,ING Obligacji Plus U,PLN,973,2022-11-18,2026-09-29,144.55
ING76W,ING Obligacji Plus W,PLN,1743,2019-11-04,2026-09-29,146.51
ING77,ING Globalny Akcji Odpowiedzialnego Inwestowania,PLN,4247,2009-11-23,2026-09-29,91.13
ING77E,ING Globalny Akcji Odpowiedzialnego Inwestowania E,PLN,3943,2011-02-07,2026-09-29,104.02
ING77F,ING Globalny Akcji Odpowiedzialnego Inwestowania F,PLN,2979,2014-12-05,2026-09-29,109.42
ING77K,ING Globalny Akcji Odpowiedzialnego Inwestowania K,PLN,1841,2019-06-14,2026-09-29,94.13
ING77S,ING Globalny Akcji Odpowiedzialnego Inwestowania S,PLN,1654,2020-03-13,2026-09-29,101.46
ING77T,ING Globalny Akcji Odpowiedzialnego Inwestowania T,PLN,3527,2012-10-02,2026-09-29,108.96
ING77W,ING Globalny Akcji Odpowiedzialnego Inwestowania W,PLN,1722,2019-12-04,2026-09-29,101.26
ING78,ING Akcji Polskich Plus,PLN,4595,2008-07-07,2026-09-29,403.89
ING78E,ING Akcji Polskich Plus E,PLN,2206,2017-12-29,2026-09-29,448.37
ING78F,ING Akcji Polskich Plus F,PLN,2659,2016-03-14,2026-09-29,494.86
ING78K,ING Akcji Polskich Plus K,PLN,3260,2013-10-23,2026-09-29,432.55
ING78P,ING Akcji Polskich Plus P,PLN,4494,2008-11-27,2026-09-29,409.26
ING78S,ING Akcji Polskich Plus S,PLN,4446,2009-02-10,2026-09-29,453.88
ING78T,ING Akcji Polskich Plus T,PLN,642,2024-03-12,2026-09-29,408.47
ING78U,ING Akcji Polskich Plus U,PLN,973,2022-11-18,2026-09-29,424.8
ING78W,ING Akcji Polskich Plus W,PLN,1832,2019-06-28,2026-09-29,461.01
ING79,ING Perspektywa 2050,PLN,1869,2019-05-07,2026-09-29,175.11
ING79F,ING Perspektywa 2050 F,PLN,1553,2020-08-06,2026-09-29,190.32
ING79K,ING Perspektywa 2050 K,PLN,1838,2019-06-19,2026-09-29,182.29
ING79S,ING Perspektywa 2050 S,PLN,1706,2019-12-30,2026-09-29,193.73
ING79T,ING Perspektywa 2050 T,PLN,1083,2022-06-13,2026-09-29,184.52
ING79W,ING Perspektywa 2050 W,PLN,1753,2019-10-18,2026-09-29,190.61
ING80,ING Perspektywa 2060,PLN,1869,2019-05-07,2026-09-29,181.72
ING80F,ING Perspektywa 2060 F,PLN,1445,2021-01-11,2026-09-29,196.52
ING80K,ING Perspektywa 2060 K,PLN,1841,2019-06-14,2026-09-29,189.17
ING80S,ING Perspektywa 2060 S,PLN,1718,2019-12-10,2026-09-29,201.05
ING80T,ING Perspektywa 2060 T,PLN,1350,2021-05-26,2026-09-29,194.04
ING80W,ING Perspektywa 2060 W,PLN,1733,2019-11-19,2026-09-29,197.71
ING81,ING Emerytura 2025,PLN,1725,2019-11-29,2026-09-29,14.58
ING82,ING Emerytura 2030,PLN,1725,2019-11-29,2026-09-29,16.43
ING83,ING Emerytura 2035,PLN,1725,2019-11-29,2026-09-29,19.0
ING84,ING Emerytura 2040,PLN,1725,2019-11-29,2026-09-29,21.18
ING85,ING Emerytura 2045,PLN,1725,2019-11-29,2026-09-29,22.05
ING86,ING Emerytura 2050,PLN,1725,2019-11-29,2026-09-29,23.1
ING87,ING Emerytura 2055,PLN,1725,2019-11-29,2026-09-29,23.45
ING88,ING Emerytura 2060,PLN,1722,2019-12-04,2026-09-29,24.5
ING89,ING Globalnej Dywersyfikacji,PLN,1586,2020-06-22,2026-09-29,149.01
ING89P,ING Globalnej Dywersyfikacji P,PLN,1577,2020-07-03,2026-09-29,155.16
ING89U,ING Globalnej Dywersyfikacji U,PLN,973,2022-11-18,2026-09-29,156.4
ING90,ING Indeks Obligacji,PLN,1586,2020-06-22,2026-09-29,105.18
ING90P,ING Indeks Obligacji P,PLN,1577,2020-07-03,2026-09-29,106.3
ING90U,ING Indeks Obligacji U,PLN,244,2025-10-10,2026-09-29,105.5
ING91,ING Surowców,PLN,1449,2021-01-04,2026-09-29,327.23
ING91E,ING Surowców E,PLN,1449,2021-01-04,2026-09-29,364.18
ING91F,ING Surowców F,PLN,1449,2021-01-04,2026-09-29,380.31
ING91K,ING Surowców K,PLN,1325,2021-07-01,2026-09-29,334.03
ING91S,ING Surowców S,PLN,1449,2021-01-04,2026-09-29,361.34
ING91T,ING Surowców T,PLN,1449,2021-01-04,2026-09-29,382.18
ING91W,ING Surowców W,PLN,1449,2021-01-04,2026-09-29,351.72
ING92,ING Emerytura 2065,PLN,1418,2021-02-17,2026-09-29,19.81
ING93,ING Total Return,PLN,1385,2021-04-06,2026-09-29,150.14
ING93F,ING Total Return F,PLN,254,2025-09-26,2026-09-29,151.6
ING93K,ING Total Return K,PLN,469,2024-11-19,2026-09-29,151.81
ING93P,ING Total Return P,PLN,313,2025-07-04,2026-09-29,149.13
ING93S,ING Total Return S,PLN,254,2025-09-26,2026-09-29,152.03
ING93T,ING Total Return T,PLN,254,2025-09-26,2026-09-29,151.72
ING93U,ING Total Return U,PLN,727,2023-11-09,2026-09-29,162.94
ING93W,ING Total Return W,PLN,254,2025-09-26,2026-09-29,151.85
ING94,ING Stabilny Globalnej Dywersyfikacji,PLN,3158,2014-03-24,2026-09-29,160.78
ING94E,ING Stabilny Globalnej Dywersyfikacji E,PLN,2696,2016-01-21,2026-09-29,169.93
ING94F,ING Stabilny Globalnej Dywersyfikacji F,PLN,2972,2014-12-16,2026-09-29,178.94
ING94K,ING Stabilny Globalnej Dywersyfikacji K,PLN,3032,2014-09-22,2026-09-29,167.15
ING94P,ING Stabilny Globalnej Dywersyfikacji P,PLN,2579,2016-07-07,2026-09-29,160.23
ING94S,ING Stabilny Globalnej Dywersyfikacji S,PLN,1964,2018-12-17,2026-09-29,172.81
ING94T,ING Stabilny Globalnej Dywersyfikacji T,PLN,2910,2015-03-18,2026-09-29,172.57
ING94W,ING Stabilny Globalnej Dywersyfikacji W,PLN,1845,2019-06-10,2026-09-29,170.96
ING96,ING Obligacji Korporacyjnych,PLN,1080,2022-06-17,2026-09-29,561.55
ING96K,ING Obligacji Korporacyjnych K,PLN,469,2024-11-19,2026-09-29,563.49
ING96P,ING Obligacji Korporacyjnych P,PLN,314,2025-07-03,2026-09-29,561.94
ING96U,ING Obligacji Korporacyjnych U,PLN,736,2023-10-26,2026-09-29,572.79
ING96W,ING Obligacji Korporacyjnych W,PLN,18,2026-09-04,2026-09-29,562.09
ING97,ING Akcji CEE,PLN,6272,2001-11-05,2026-09-29,962.47
ING97K,ING Akcji CEE K,PLN,1762,2019-10-07,2026-09-29,971.46
ING98,ING Emerytura 2070,PLN,178,2026-01-20,2026-09-29,11.82
PCS05,PKO Obligacji Skarbowych Krótkoterminowy,PLN,6446,2001-02-26,2026-09-29,2663.92
PCS05B,PKO Obligacji Skarbowych Krótkoterminowy B,PLN,5244,2005-12-01,2026-09-29,2663.92
PCS05E,PKO Obligacji Skarbowych Krótkoterminowy E,PLN,4924,2007-03-09,2026-09-29,2790.53
PCS05F,PKO Obligacji Skarbowych Krótkoterminowy F,PLN,3458,2013-01-11,2026-09-29,2788.33
PCS101,PKO Akcji Europejskich Dochodowy,PLN,21,2026-09-01,2026-09-29,100.22
PCS21,PKO Akcji Polskich,PLN,4870,2007-05-30,2026-09-29,205.17
PCS21B,PKO Akcji Polskich B,PLN,4870,2007-05-30,2026-09-29,205.17
PCS21E,PKO Akcji Polskich E,PLN,3674,2012-03-01,2026-09-29,263.64
PCS21F,PKO Akcji Polskich F,PLN,3458,2013-01-11,2026-09-29,279.93
PCS28,PKO Dóbr Luksusowych Globalny,PLN,4154,2010-04-08,2026-09-29,283.1
PCS28B,PKO Dóbr Luksusowych Globalny B,PLN,4154,2010-04-08,2026-09-29,283.1
PCS28E,PKO Dóbr Luksusowych Globalny E,PLN,3674,2012-03-01,2026-09-29,352.69
PCS28F,PKO Dóbr Luksusowych Globalny F,PLN,3458,2013-01-11,2026-09-29,381.08
PCS33,PKO Technologii i Innowacji Globalny,PLN,4154,2010-04-08,2026-09-29,692.0
PCS33B,PKO Technologii i Innowacji Globalny B,PLN,4154,2010-04-08,2026-09-29,692.0
PCS33E,PKO Technologii i Innowacji Globalny E,PLN,3674,2012-03-01,2026-09-29,875.65
PCS33F,PKO Technologii i Innowacji Globalny F,PLN,3458,2013-01-11,2026-09-29,934.78
PCS34,PKO Infrastruktury i Budownictwa,PLN,4154,2010-04-08,2026-09-29,175.85
PCS34B,PKO Infrastruktury i Budownictwa B,PLN,4154,2010-04-08,2026-09-29,175.85
PCS34E,PKO Infrastruktury i Budownictwa E,PLN,3674,2012-03-01,2026-09-29,195.98
PCS34F,PKO Infrastruktury i Budownictwa F,PLN,3458,2013-01-11,2026-09-29,227.76
PCS35,PKO Surowców Globalny,PLN,3957,2011-01-18,2026-09-29,329.53
PCS35B,PKO Surowców Globalny B,PLN,3957,2011-01-18,2026-09-29,329.53
PCS35E,PKO Surowców Globalny E,PLN,3674,2012-03-01,2026-09-29,375.34
PCS35F,PKO Surowców Globalny F,PLN,3458,2013-01-11,2026-09-29,418.61
PCS37,PKO Globalnej Makroekonomii FIZ seria A,PLN,3736,2011-12-02,2026-09-29,14.5
PCS37I,PKO Globalnej Makroekonomii FIZ seria I,PLN,2753,2015-10-28,2026-09-29,14.57
PCS37K,PKO Globalnej Makroekonomii FIZ seria K,PLN,2584,2016-06-30,2026-09-29,14.39
PCS37P,PKO Globalnej Makroekonomii FIZ seria P,PLN,2289,2017-08-31,2026-09-29,14.54
PCS40,PKO Strategii Dłużnych FIZ seria A,PLN,3648,2012-04-10,2026-09-29,15.24
PCS40B,PKO Strategii Dłużnych FIZ seria B,PLN,3440,2013-02-06,2026-09-29,15.18
PCS40E,PKO Strategii Dłużnych FIZ seria E,PLN,2690,2016-01-29,2026-09-29,15.19
PCS40F,PKO Strategii Dłużnych FIZ seria F,PLN,2672,2016-02-24,2026-09-29,15.23
PCS40I,PKO Strategii Dłużnych FIZ seria I,PLN,2563,2016-07-29,2026-09-29,15.2
PCS40K,PKO Strategii Dłużnych FIZ seria K,PLN,2499,2016-10-28,2026-09-29,15.26
PCS40P,PKO Strategii Dłużnych FIZ seria P,PLN,2038,2018-08-31,2026-09-29,15.24
PCS40S,PKO Strategii Dłużnych FIZ seria S,PLN,1957,2018-12-28,2026-09-29,15.27
PCS41,PKO Zabezpieczenia Emerytalnego 2020,PLN,3600,2012-06-20,2026-09-29,13.52
PCS41E,PKO Zabezpieczenia Emerytalnego 2020 E,PLN,3600,2012-06-20,2026-09-29,14.18
PCS41F,PKO Zabezpieczenia Emerytalnego 2020 F,PLN,3458,2013-01-11,2026-09-29,14.57
PCS42,PKO Zabezpieczenia Emerytalnego 2030,PLN,3600,2012-06-20,2026-09-29,15.13
PCS42E,PKO Zabezpieczenia Emerytalnego 2030 E,PLN,3600,2012-06-20,2026-09-29,17.06
PCS42F,PKO Zabezpieczenia Emerytalnego 2030 F,PLN,3458,2013-01-11,2026-09-29,18.12
PCS43,PKO Zabezpieczenia Emerytalnego 2040,PLN,3600,2012-06-20,2026-09-29,18.12
PCS43E,PKO Zabezpieczenia Emerytalnego 2040 E,PLN,3600,2012-06-20,2026-09-29,21.23
PCS43F,PKO Zabezpieczenia Emerytalnego 2040 F,PLN,3458,2013-01-11,2026-09-29,22.6
PCS44,PKO Zabezpieczenia Emerytalnego 2050,PLN,3600,2012-06-20,2026-09-29,23.3
PCS44E,PKO Zabezpieczenia Emerytalnego 2050 E,PLN,3600,2012-06-20,2026-09-29,28.22
PCS44F,PKO Zabezpieczenia Emerytalnego 2050 F,PLN,3458,2013-01-11,2026-09-29,30.37
PCS45,PKO Zabezpieczenia Emerytalnego 2060,PLN,3600,2012-06-20,2026-09-29,27.71
PCS45E,PKO Zabezpieczenia Emerytalnego 2060 E,PLN,3600,2012-06-20,2026-09-29,34.93
PCS45F,PKO Zabezpieczenia Emerytalnego 2060 F,PLN,3458,2013-01-11,2026-09-29,37.55
PCS47,PKO Globalnej Strategii FIZ,PLN,3317,2013-08-02,2026-09-29,111.55
PCS49,PKO Strategii Obligacyjnych FIZ,PLN,3158,2014-03-24,2026-09-29,138.94
PCS50,PKO Spółek Innowacyjnych Globalny FIZ seria A (w likwidacji),PLN,3077,2014-07-18,2026-09-29,16.57
PCS50B,PKO Spółek Innowacyjnych Globalny FIZ seria B (w likwidacji),PLN,2920,2015-03-04,2026-09-29,15.58
PCS50E,PKO Spółek Innowacyjnych Globalny FIZ seria E (w likwidacji),PLN,2436,2017-01-31,2026-09-29,15.89
PCS50F,PKO Spółek Innowacyjnych Globalny FIZ seria F (w likwidacji),PLN,2311,2017-07-31,2026-09-29,16.29
PCS51,PKO Multi Strategia FIZ seria A,PLN,2998,2014-11-07,2026-09-29,12.03
PCS51B,PKO Multi Strategia FIZ seria B,PLN,2972,2014-12-16,2026-09-29,12.13
PCS51E,PKO Multi Strategia FIZ seria E,PLN,2541,2016-08-31,2026-09-29,11.93
PCS51F,PKO Multi Strategia FIZ seria F,PLN,2436,2017-01-31,2026-09-29,12.02
PCS51I,PKO Multi Strategia FIZ seria I,PLN,2211,2017-12-20,2026-09-29,12.04
PCS52,PKO Nieruchomości Komercyjnych FIZ AN (w likwidacji),PLN,2935,2015-02-11,2026-09-29,12.63
PCS54,PKO Obligacji Dolarowych,PLN,2868,2015-05-19,2026-09-29,108.17
PCS54B,PKO Obligacji Dolarowych B,PLN,2868,2015-05-19,2026-09-29,108.17
PCS54E,PKO Obligacji Dolarowych E,PLN,2868,2015-05-19,2026-09-29,110.05
PCS54F,PKO Obligacji Dolarowych F,PLN,2868,2015-05-19,2026-09-29,118.94
PCS55,PKO Akcji Rynku Złota,PLN,2868,2015-05-19,2026-09-29,418.16
PCS55B,PKO Akcji Rynku Złota B,PLN,2868,2015-05-19,2026-09-29,418.16
PCS55E,PKO Akcji Rynku Złota E,PLN,2868,2015-05-19,2026-09-29,438.89
PCS55F,PKO Akcji Rynku Złota F,PLN,2868,2015-05-19,2026-09-29,488.99
PCS57,PKO Akcji Rynków Wschodzących,PLN,2868,2015-05-19,2026-09-29,151.92
PCS57B,PKO Akcji Rynków Wschodzących B,PLN,2868,2015-05-19,2026-09-29,151.92
PCS57E,PKO Akcji Rynków Wschodzących E,PLN,2868,2015-05-19,2026-09-29,153.88
PCS57F,PKO Akcji Rynków Wschodzących F,PLN,2868,2015-05-19,2026-09-29,168.46
PCS58,PKO Akcji Rynku Amerykańskiego,PLN,2868,2015-05-19,2026-09-29,303.09
PCS58B,PKO Akcji Rynku Amerykańskiego B,PLN,2868,2015-05-19,2026-09-29,303.09
PCS58E,PKO Akcji Rynku Amerykańskiego E,PLN,2868,2015-05-19,2026-09-29,306.55
PCS58F,PKO Akcji Rynku Amerykańskiego F,PLN,2868,2015-05-19,2026-09-29,335.11
PCS59,PKO Akcji Rynku Japońskiego,PLN,2868,2015-05-19,2026-09-29,262.18
PCS59B,PKO Akcji Rynku Japońskiego B,PLN,2868,2015-05-19,2026-09-29,262.18
PCS59E,PKO Akcji Rynku Japońskiego E,PLN,2868,2015-05-19,2026-09-29,265.9
PCS59F,PKO Akcji Rynku Japońskiego F,PLN,2868,2015-05-19,2026-09-29,266.32
PCS60,PKO Akcji Strefy Euro,PLN,2868,2015-05-19,2026-09-29,238.65
PCS60B,PKO Akcji Strefy Euro B,PLN,2868,2015-05-19,2026-09-29,238.65
PCS60E,PKO Akcji Strefy Euro E,PLN,2868,2015-05-19,2026-09-29,241.13
PCS60F,PKO Akcji Strefy Euro F,PLN,2868,2015-05-19,2026-09-29,244.26
PCS61,PKO Akcji Dużych Spółek Europejskich,PLN,2868,2015-05-19,2026-09-29,267.6
PCS61B,PKO Akcji Dużych Spółek Europejskich B,PLN,2868,2015-05-19,2026-09-29,267.6
PCS61E,PKO Akcji Dużych Spółek Europejskich E,PLN,2868,2015-05-19,2026-09-29,279.9
PCS61F,PKO Akcji Dużych Spółek Europejskich F,PLN,2868,2015-05-19,2026-09-29,316.51
PCS63,PKO Globalnego Dochodu FIZ,PLN,2718,2015-12-17,2026-09-29,114.25
PCS64,PKO Absolutnej Stopy Zwrotu Europa Wschód-Zachód FIZ,PLN,2547,2016-08-23,2026-09-29,112.19
PCS65,PKO Medycyny i Demografii Globalny,PLN,2508,2016-10-17,2026-09-29,185.3
PCS65B,PKO Medycyny i Demografii Globalny B,PLN,2508,2016-10-17,2026-09-29,185.3
PCS65E,PKO Medycyny i Demografii Globalny E,PLN,2508,2016-10-17,2026-09-29,194.17
PCS65F,PKO Medycyny i Demografii Globalny F,PLN,2508,2016-10-17,2026-09-29,220.58
PCS67,PKO Umiarkowany,PLN,2210,2017-12-21,2026-09-29,12.55
PCS69,PKO Zrównoważony,PLN,2210,2017-12-21,2026-09-29,14.6
PCS70,PKO Aktywny,PLN,2210,2017-12-21,2026-09-29,16.69
PCS74,PKO Emerytura 2025,PLN,1738,2019-11-12,2026-09-29,13.72
PCS75,PKO Emerytura 2030,PLN,1801,2019-08-12,2026-09-29,15.58
PCS76,PKO Emerytura 2035,PLN,1801,2019-08-12,2026-09-29,18.06
PCS77,PKO Emerytura 2040,PLN,1801,2019-08-12,2026-09-29,19.53
PCS78,PKO Emerytura 2045,PLN,1801,2019-08-12,2026-09-29,20.78
PCS79,PKO Emerytura 2050,PLN,1801,2019-08-12,2026-09-29,22.22
PCS80,PKO Emerytura 2055,PLN,1739,2019-11-08,2026-09-29,21.94
PCS81,PKO Emerytura 2060,PLN,1738,2019-11-12,2026-09-29,21.84
PCS83,PKO Akcji Rynku Polskiego,PLN,2868,2015-05-19,2026-09-29,235.71
PCS83B,PKO Akcji Rynku Polskiego B,PLN,2868,2015-05-19,2026-09-29,235.71
PCS83E,PKO Akcji Rynku Polskiego E,PLN,2868,2015-05-19,2026-09-29,238.79
PCS83F,PKO Akcji Rynku Polskiego F,PLN,2868,2015-05-19,2026-09-29,261.59
PCS84,PKO Obligacji Zielonej Transformacji,PLN,1750,2019-10-23,2026-09-29,103.9
PCS84B,PKO Obligacji Zielonej Transformacji B,PLN,1750,2019-10-23,2026-09-29,103.9
PCS84E,PKO Obligacji Zielonej Transformacji E,PLN,1750,2019-10-23,2026-09-29,105.35
PCS84F,PKO Obligacji Zielonej Transformacji F,PLN,1750,2019-10-23,2026-09-29,109.36
PCS84I,PKO Obligacji Zielonej Transformacji I,PLN,1750,2019-10-23,2026-09-29,103.9
PCS85,PKO Ekologii i Odpowiedzialności Społecznej Globalny,PLN,1750,2019-10-23,2026-09-29,190.88
PCS85B,PKO Ekologii i Odpowiedzialności Społecznej Globalny B,PLN,1750,2019-10-23,2026-09-29,190.88
PCS85E,PKO Ekologii i Odpowiedzialności Społecznej Globalny E,PLN,1750,2019-10-23,2026-09-29,197.55
PCS85F,PKO Ekologii i Odpowiedzialności Społecznej Globalny F,PLN,1750,2019-10-23,2026-09-29,210.33
PCS85I,PKO Ekologii i Odpowiedzialności Społecznej Globalny I,PLN,1750,2019-10-23,2026-09-29,190.88
PCS86,PKO Obligacji Skarbowych i Samorządowych,PLN,1548,2020-08-13,2026-09-29,127.67
PCS86B,PKO Obligacji Skarbowych i Samorządowych B,PLN,1548,2020-08-13,2026-09-29,127.67
PCS86E,PKO Obligacji Skarbowych i Samorządowych E,PLN,1548,2020-08-13,2026-09-29,127.67
PCS86F,PKO Obligacji Skarbowych i Samorządowych F,PLN,1548,2020-08-13,2026-09-29,127.67
PCS87,PKO Zabezpieczenia Emerytalnego 2070,PLN,1533,2020-09-03,2026-09-29,19.43
PCS87E,PKO Zabezpieczenia Emerytalnego 2070 E,PLN,1533,2020-09-03,2026-09-29,20.3
PCS87F,PKO Zabezpieczenia Emerytalnego 2070 F,PLN,1533,2020-09-03,2026-09-29,21.36
PCS88,PKO Obligacji Uniwersalny,PLN,1525,2020-09-15,2026-09-29,126.26
PCS88B,PKO Obligacji Uniwersalny B,PLN,1525,2020-09-15,2026-09-29,126.26
PCS88E,PKO Obligacji Uniwersalny E,PLN,1525,2020-09-15,2026-09-29,126.26
PCS88F,PKO Obligacji Uniwersalny F,PLN,1525,2020-09-15,2026-09-29,126.26
PCS90,PKO Emerytura 2065,PLN,1448,2021-01-05,2026-09-29,18.31
PCS91,PKO Obligacji Skarbowych Średnioterminowy,PLN,5235,2005-12-14,2026-09-29,241.25
PCS91B,PKO Obligacji Skarbowych Średnioterminowy B,PLN,5235,2005-12-14,2026-09-29,241.25
PCS91E,PKO Obligacji Skarbowych Średnioterminowy E,PLN,4826,2007-08-01,2026-09-29,272.08
PCS91F,PKO Obligacji Skarbowych Średnioterminowy F,PLN,3458,2013-01-11,2026-09-29,264.05
PCS92,PKO Obligacji Skarbowych i Samorządowych II,PLN,1750,2019-10-23,2026-09-29,121.87
PCS92B,PKO Obligacji Skarbowych i Samorządowych II B,PLN,1750,2019-10-23,2026-09-29,121.87
PCS92E,PKO Obligacji Skarbowych i Samorządowych II E,PLN,1750,2019-10-23,2026-09-29,121.87
PCS92F,PKO Obligacji Skarbowych i Samorządowych II F,PLN,1750,2019-10-23,2026-09-29,121.87
PCS92I,PKO Obligacji Skarbowych i Samorządowych II I,PLN,1750,2019-10-23,2026-09-29,121.87
PCS93,PKO Dynamicznej Alokacji,PLN,7230,1998-01-27,2026-09-29,177.21
PCS93B,PKO Dynamicznej Alokacji B,PLN,5244,2005-12-01,2026-09-29,177.21
PCS93E,PKO Dynamicznej Alokacji E,PLN,5462,2005-01-19,2026-09-29,229.9
PCS93F,PKO Dynamicznej Alokacji F,PLN,3458,2013-01-11,2026-09-29,216.08
PCS94,PKO Akcji Małych i Średnich Spółek,PLN,5120,2006-05-31,2026-09-29,460.49
PCS94B,PKO Akcji Małych i Średnich Spółek B,PLN,5120,2006-05-31,2026-09-29,460.49
PCS94E,PKO Akcji Małych i Średnich Spółek E,PLN,5120,2006-05-31,2026-09-29,548.43
PCS94F,PKO Akcji Małych i Średnich Spółek F,PLN,3458,2013-01-11,2026-09-29,595.55
PCS95,PKO Konserwatywny,PLN,2210,2017-12-21,2026-09-29,11.9
PCS96,PKO Emerytura 2070,PLN,188,2026-01-05,2026-09-29,11.16
PZU01,PZU Akcji KRAKOWIAK,PLN,6785,1999-10-25,2026-09-29,165.43
PZU01S,PZU Akcji KRAKOWIAK S,PLN,1892,2019-04-01,2026-09-29,188.16
PZU01U,PZU Akcji KRAKOWIAK U,PLN,2267,2017-10-02,2026-09-29,199.11
PZU01W,PZU Akcji KRAKOWIAK W,PLN,1814,2019-07-24,2026-09-29,188.72
PZU03,PZU Papierów Dłużnych POLONEZ,PLN,6785,1999-10-25,2026-09-29,193.47
PZU03S,PZU Papierów Dłużnych POLONEZ S,PLN,1892,2019-04-01,2026-09-29,210.89
PZU03U,PZU Papierów Dłużnych POLONEZ U,PLN,2267,2017-10-02,2026-09-29,216.31
PZU03W,PZU Papierów Dłużnych POLONEZ W,PLN,1814,2019-07-24,2026-09-29,211.54
PZU05,PZU Stabilnego Wzrostu Mazurek,PLN,6785,1999-10-25,2026-09-29,171.16
PZU05S,PZU Stabilnego Wzrostu Mazurek S,PLN,1892,2019-04-01,2026-09-29,192.05
PZU05U,PZU Stabilnego Wzrostu Mazurek U,PLN,2267,2017-10-02,2026-09-29,199.99
PZU05W,PZU Stabilnego Wzrostu Mazurek W,PLN,1346,2021-06-01,2026-09-29,186.86
PZU08,PZU Zrównoważony,PLN,5253,2005-11-18,2026-09-29,125.62
PZU08S,PZU Zrównoważony S,PLN,1892,2019-04-01,2026-09-29,144.86
PZU08U,PZU Zrównoważony U,PLN,2267,2017-10-02,2026-09-29,151.74
PZU08W,PZU Zrównoważony W,PLN,1814,2019-07-24,2026-09-29,146.13
PZU10,PZU Akcji Małych i Średnich Spółek,PLN,5035,2006-09-29,2026-09-29,116.26
PZU100,inPZU Bitcoin O,PLN,275,2025-08-28,2026-09-29,98.99
PZU100A,inPZU Bitcoin,PLN,275,2025-08-28,2026-09-29,98.92
PZU109,PPK inPZU 2070,PLN,189,2026-01-02,2026-09-29,57.51
PZU10I,PZU Akcji Małych i Średnich Spółek I,PLN,5035,2006-09-29,2026-09-29,149.51
PZU110,PZU FIZ Feniks Absolutnej Stopy Zwrotu,PLN,191,2025-12-30,2026-09-29,1160.99
PZU27,PZU Globalny Akcji Medycznych,PLN,4076,2010-07-29,2026-09-29,113.46
PZU27F,PZU Globalny Akcji Medycznych F,PLN,2646,2016-04-01,2026-09-29,128.25
PZU27U,PZU Globalny Akcji Medycznych U,PLN,2267,2017-10-02,2026-09-29,129.11
PZU35,PZU FIZ Forte Absolutnej Stopy Zwrotu,PLN,3468,2012-12-27,2026-09-29,1491.52
PZU37,PZU FIZ Akord Absolutnej Stopy Zwrotu,PLN,2852,2015-06-11,2026-09-29,143.35
PZU40,PZU Globalny Obligacji Korporacyjnych,PLN,2631,2016-04-22,2026-09-29,72.18
PZU40F,PZU Globalny Obligacji Korporacyjnych F,PLN,2631,2016-04-22,2026-09-29,76.64
PZU40I,PZU Globalny Obligacji Korporacyjnych I,PLN,2631,2016-04-22,2026-09-29,73.25
PZU40S,PZU Globalny Obligacji Korporacyjnych S,PLN,1892,2019-04-01,2026-09-29,75.61
PZU40U,PZU Globalny Obligacji Korporacyjnych U,PLN,2267,2017-10-02,2026-09-29,76.68
PZU40W,PZU Globalny Obligacji Korporacyjnych W,PLN,1814,2019-07-24,2026-09-29,76.63
PZU45,PZU Sejf+,PLN,2179,2018-02-08,2026-09-29,88.21
PZU45F,PZU Sejf+ F,PLN,2179,2018-02-08,2026-09-29,92.37
PZU45S,PZU Sejf+ S,PLN,1892,2019-04-01,2026-09-29,91.75
PZU45U,PZU Sejf+ U,PLN,2179,2018-02-08,2026-09-29,93.16
PZU45W,PZU Sejf+ W,PLN,1814,2019-07-24,2026-09-29,92.82
PZU46,inPZU Inwestycji Ostrożnych Obligacje Krótkoterminowe O,PLN,2133,2018-04-16,2026-09-29,134.07
PZU46A,inPZU Inwestycji Ostrożnych Obligacje Krótkoterminowe,PLN,1318,2021-07-12,2026-09-29,134.05
PZU46P,inPZU Inwestycji Ostrożnych Obligacje Krótkoterminowe P,PLN,819,2023-06-30,2026-09-29,135.57
PZU46S,inPZU Inwestycji Ostrożnych Obligacje Krótkoterminowe S,PLN,1053,2022-07-26,2026-09-29,135.36
PZU46W,inPZU Inwestycji Ostrożnych Obligacje Krótkoterminowe W,PLN,1000,2022-10-10,2026-09-29,135.3
PZU47,inPZU Polskie Obligacje Skarbowe O,PLN,2133,2018-04-16,2026-09-29,116.59
PZU47A,inPZU Polskie Obligacje Skarbowe,PLN,1318,2021-07-12,2026-09-29,116.6
PZU47P,inPZU Polskie Obligacje Skarbowe P,PLN,819,2023-06-30,2026-09-29,118.01
PZU47S,inPZU Polskie Obligacje Skarbowe S,PLN,1053,2022-07-26,2026-09-29,117.61
PZU47W,inPZU Polskie Obligacje Skarbowe W,PLN,1000,2022-10-10,2026-09-29,117.58
PZU48,inPZU Obligacje Rynków Wschodzących O,PLN,2117,2018-05-10,2026-09-29,127.34
PZU48A,inPZU Obligacje Rynków Wschodzących,PLN,1318,2021-07-12,2026-09-29,127.33
PZU48P,inPZU Obligacje Rynków Wschodzących P,PLN,819,2023-06-30,2026-09-29,128.58
PZU48S,inPZU Obligacje Rynków Wschodzących S,PLN,1053,2022-07-26,2026-09-29,128.92
PZU48W,inPZU Obligacje Rynków Wschodzących W,PLN,1000,2022-10-10,2026-09-29,128.54
PZU49,inPZU Obligacje Skarbowe Rynków Rozwiniętych O,PLN,2117,2018-05-10,2026-09-29,104.39
PZU49A,inPZU Obligacje Skarbowe Rynków Rozwiniętych,PLN,1318,2021-07-12,2026-09-29,104.4
PZU49P,inPZU Obligacje Skarbowe Rynków Rozwiniętych P,PLN,819,2023-06-30,2026-09-29,106.05
PZU49S,inPZU Obligacje Skarbowe Rynków Rozwiniętych S,PLN,1053,2022-07-26,2026-09-29,106.65
PZU49W,inPZU Obligacje Skarbowe Rynków Rozwiniętych W,PLN,1000,2022-10-10,2026-09-29,106.15
PZU50,inPZU Akcje Polskie O,PLN,2117,2018-05-10,2026-09-29,238.52
PZU50A,inPZU Akcje Polskie,PLN,1318,2021-07-12,2026-09-29,238.61
PZU50P,inPZU Akcje Polskie P,PLN,819,2023-06-30,2026-09-29,240.4
PZU50S,inPZU Akcje Polskie S,PLN,1053,2022-07-26,2026-09-29,239.91
PZU50W,inPZU Akcje Polskie W,PLN,1000,2022-10-10,2026-09-29,239.66
PZU51,inPZU Akcje Rynków Rozwiniętych O,PLN,2117,2018-05-10,2026-09-29,241.1
PZU51A,inPZU Akcje Rynków Rozwiniętych,PLN,1318,2021-07-12,2026-09-29,241.12
PZU51P,inPZU Akcje Rynków Rozwiniętych P,PLN,819,2023-06-30,2026-09-29,243.35
PZU51S,inPZU Akcje Rynków Rozwiniętych S,PLN,1053,2022-07-26,2026-09-29,242.77
PZU51W,inPZU Akcje Rynków Rozwiniętych W,PLN,1000,2022-10-10,2026-09-29,242.59
PZU52,PZU Aktywny Globalny,PLN,2105,2018-05-28,2026-09-29,74.63
PZU52B,PZU Aktywny Globalny B,PLN,2105,2018-05-28,2026-09-29,75.81
PZU52E,PZU Aktywny Globalny E,PLN,2105,2018-05-28,2026-09-29,74.63
PZU52F,PZU Aktywny Globalny F,PLN,2105,2018-05-28,2026-09-29,100.61
PZU52I,PZU Aktywny Globalny I,PLN,2105,2018-05-28,2026-09-29,75.96
PZU52K,PZU Aktywny Globalny IKE,PLN,2105,2018-05-28,2026-09-29,77.49
PZU52S,PZU Aktywny Globalny S,PLN,1892,2019-04-01,2026-09-29,86.02
PZU52U,PZU Aktywny Globalny U,PLN,2105,2018-05-28,2026-09-29,90.51
PZU52W,PZU Aktywny Globalny W,PLN,1814,2019-07-24,2026-09-29,86.45
PZU53,PPK inPZU 2025,PLN,1766,2019-10-01,2026-09-29,73.59
PZU54,PPK inPZU 2030,PLN,1766,2019-10-01,2026-09-29,85.04
PZU55,PPK inPZU 2035,PLN,1766,2019-10-01,2026-09-29,101.8
PZU56,PPK inPZU 2040,PLN,1766,2019-10-01,2026-09-29,108.55
PZU57,PPK inPZU 2045,PLN,1766,2019-10-01,2026-09-29,121.85
PZU58,PPK inPZU 2050,PLN,1766,2019-10-01,2026-09-29,125.09
PZU59,PPK inPZU 2055,PLN,1754,2019-10-17,2026-09-29,123.95
PZU60,PPK inPZU 2060,PLN,1754,2019-10-17,2026-09-29,118.74
PZU61,PPK inPZU 2065,PLN,1449,2021-01-04,2026-09-29,92.3
PZU66,inPZU Akcje Rynków Wschodzących O,PLN,1692,2020-01-21,2026-09-29,154.34
PZU66A,inPZU Akcje Rynków Wschodzących,PLN,1318,2021-07-12,2026-09-29,154.36
PZU66P,inPZU Akcje Rynków Wschodzących P,PLN,819,2023-06-30,2026-09-29,156.64
PZU66S,inPZU Akcje Rynków Wschodzących S,PLN,1053,2022-07-26,2026-09-29,156.65
PZU66W,inPZU Akcje Rynków Wschodzących W,PLN,1000,2022-10-10,2026-09-29,156.28
PZU68,inPZU Akcje Amerykańskie O,PLN,1692,2020-01-21,2026-09-29,226.79
PZU68A,inPZU Akcje Amerykańskie,PLN,1318,2021-07-12,2026-09-29,226.87
PZU68P,inPZU Akcje Amerykańskie P,PLN,819,2023-06-30,2026-09-29,229.4
PZU68S,inPZU Akcje Amerykańskie S,PLN,1053,2022-07-26,2026-09-29,229.27
PZU68W,inPZU Akcje Amerykańskie W,PLN,1000,2022-10-10,2026-09-29,228.76
PZU69,PZU Akcji Odpowiedzialnego Rozwoju,PLN,1588,2020-06-18,2026-09-29,96.76
PZU69E,PZU Akcji Odpowiedzialnego Rozwoju E,PLN,331,2025-06-09,2026-09-29,98.36
PZU71,PZU Akcji Polskich,PLN,1588,2020-06-18,2026-09-29,153.42
PZU72,PZU Dłużny Rynków Wschodzących,PLN,1588,2020-06-18,2026-09-29,56.86
PZU72E,PZU Dłużny Rynków Wschodzących E,PLN,1588,2020-06-18,2026-09-29,62.3
PZU73,inPZU Puls Życia 2025 R,PLN,1498,2020-10-22,2026-09-29,119.92
PZU73A,inPZU Puls Życia 2025,PLN,567,2024-07-01,2026-09-29,116.25
PZU73P,inPZU Puls Życia 2025 P,PLN,819,2023-06-30,2026-09-29,121.66
PZU73S,inPZU Puls Życia 2025 S,PLN,1053,2022-07-26,2026-09-29,122.68
PZU73W,inPZU Puls Życia 2025 W,PLN,1000,2022-10-10,2026-09-29,121.58
PZU74,inPZU Puls Życia 2030 R,PLN,1498,2020-10-22,2026-09-29,135.8
PZU74A,inPZU Puls Życia 2030,PLN,567,2024-07-01,2026-09-29,135.25
PZU74P,inPZU Puls Życia 2030 P,PLN,819,2023-06-30,2026-09-29,137.19
PZU74S,inPZU Puls Życia 2030 S,PLN,1053,2022-07-26,2026-09-29,137.13
PZU74W,inPZU Puls Życia 2030 W,PLN,1000,2022-10-10,2026-09-29,136.69
PZU75,inPZU Puls Życia 2040 R,PLN,1498,2020-10-22,2026-09-29,162.65
PZU75A,inPZU Puls Życia 2040,PLN,567,2024-07-01,2026-09-29,162.41
PZU75P,inPZU Puls Życia 2040 P,PLN,819,2023-06-30,2026-09-29,165.02
PZU75S,inPZU Puls Życia 2040 S,PLN,1053,2022-07-26,2026-09-29,165.21
PZU75W,inPZU Puls Życia 2040 W,PLN,1000,2022-10-10,2026-09-29,163.98
PZU76,inPZU Puls Życia 2050 R,PLN,1498,2020-10-22,2026-09-29,191.35
PZU76A,inPZU Puls Życia 2050,PLN,567,2024-07-01,2026-09-29,190.74
PZU76P,inPZU Puls Życia 2050 P,PLN,819,2023-06-30,2026-09-29,194.31
PZU76S,inPZU Puls Życia 2050 S,PLN,1053,2022-07-26,2026-09-29,194.63
PZU76W,inPZU Puls Życia 2050 W,PLN,1000,2022-10-10,2026-09-29,193.01
PZU77,inPZU Puls Życia 2060 R,PLN,1498,2020-10-22,2026-09-29,210.43
PZU77A,inPZU Puls Życia 2060,PLN,567,2024-07-01,2026-09-29,209.28
PZU77P,inPZU Puls Życia 2060 P,PLN,819,2023-06-30,2026-09-29,214.34
PZU77S,inPZU Puls Życia 2060 S,PLN,1053,2022-07-26,2026-09-29,216.06
PZU77W,inPZU Puls Życia 2060 W,PLN,1000,2022-10-10,2026-09-29,213.16
PZU78,PZU FIZ Legato Absolutnej Stopy Zwrotu,PLN,1291,2021-08-18,2026-09-29,136.61
PZU79,PZU Obligacji Krótkoterminowych,PLN,5348,2005-07-05,2026-09-29,104.34
PZU79B,PZU Obligacji Krótkoterminowych B,PLN,3278,2013-09-27,2026-09-29,105.05
PZU79E,PZU Obligacji Krótkoterminowych E,PLN,5348,2005-07-05,2026-09-29,110.32
PZU79F,PZU Obligacji Krótkoterminowych F,PLN,3214,2014-01-02,2026-09-29,111.46
PZU79I,PZU Obligacji Krótkoterminowych I,PLN,5348,2005-07-05,2026-09-29,112.17
PZU79K,PZU Obligacji Krótkoterminowych IKE,PLN,5348,2005-07-05,2026-09-29,103.63
PZU79S,PZU Obligacji Krótkoterminowych S,PLN,1892,2019-04-01,2026-09-29,108.41
PZU79U,PZU Obligacji Krótkoterminowych U,PLN,2267,2017-10-02,2026-09-29,110.08
PZU79W,PZU Obligacji Krótkoterminowych W,PLN,1814,2019-07-24,2026-09-29,109.27
PZU80,inPZU Akcje Rynku Surowców O,PLN,1185,2022-01-18,2026-09-29,188.58
PZU80A,inPZU Akcje Rynku Surowców,PLN,1185,2022-01-18,2026-09-29,188.56
PZU80P,inPZU Akcje Rynku Surowców P,PLN,819,2023-06-30,2026-09-29,191.95
PZU80S,inPZU Akcje Rynku Surowców S,PLN,1000,2022-10-10,2026-09-29,192.43
PZU80W,inPZU Akcje Rynku Surowców W,PLN,1000,2022-10-10,2026-09-29,191.78
PZU81,inPZU Akcje Rynku Złota O,PLN,1185,2022-01-18,2026-09-29,292.99
PZU81A,inPZU Akcje Rynku Złota,PLN,1185,2022-01-18,2026-09-29,292.97
PZU81P,inPZU Akcje Rynku Złota P,PLN,819,2023-06-30,2026-09-29,297.64
PZU81S,inPZU Akcje Rynku Złota S,PLN,1000,2022-10-10,2026-09-29,298.37
PZU81W,inPZU Akcje Rynku Złota W,PLN,1000,2022-10-10,2026-09-29,297.28
PZU82,inPZU Akcje Sektora Zielonej Energii O,PLN,1185,2022-01-18,2026-09-29,98.27
PZU82A,inPZU Akcje Sektora Zielonej Energii,PLN,1185,2022-01-18,2026-09-29,98.25
PZU82P,inPZU Akcje Sektora Zielonej Energii P,PLN,819,2023-06-30,2026-09-29,100.88
PZU82S,inPZU Akcje Sektora Zielonej Energii S,PLN,1000,2022-10-10,2026-09-29,101.29
PZU82W,inPZU Akcje Sektora Zielonej Energii W,PLN,1000,2022-10-10,2026-09-29,100.82
PZU83,inPZU Akcje Sektora Informatycznego O,PLN,1185,2022-01-18,2026-09-29,230.3
PZU83A,inPZU Akcje Sektora Informatycznego,PLN,1185,2022-01-18,2026-09-29,230.59
PZU83P,inPZU Akcje Sektora Informatycznego P,PLN,819,2023-06-30,2026-09-29,233.45
PZU83S,inPZU Akcje Sektora Informatycznego S,PLN,1000,2022-10-10,2026-09-29,233.96
PZU83W,inPZU Akcje Sektora Informatycznego W,PLN,1000,2022-10-10,2026-09-29,233.17
PZU84,inPZU Akcje Sektora Nieruchomości O,PLN,1185,2022-01-18,2026-09-29,94.97
PZU84A,inPZU Akcje Sektora Nieruchomości,PLN,1185,2022-01-18,2026-09-29,94.97
PZU84P,inPZU Akcje Sektora Nieruchomości P,PLN,819,2023-06-30,2026-09-29,96.46
PZU84S,inPZU Akcje Sektora Nieruchomości S,PLN,1000,2022-10-10,2026-09-29,96.56
PZU84W,inPZU Akcje Sektora Nieruchomości W,PLN,1000,2022-10-10,2026-09-29,96.28
PZU85,inPZU Akcje Europejskie O,PLN,1185,2022-01-18,2026-09-29,164.89
PZU85A,inPZU Akcje Europejskie,PLN,1185,2022-01-18,2026-09-29,164.96
PZU85P,inPZU Akcje Europejskie P,PLN,819,2023-06-30,2026-09-29,167.53
PZU85S,inPZU Akcje Europejskie S,PLN,1000,2022-10-10,2026-09-29,167.61
PZU85W,inPZU Akcje Europejskie W,PLN,1000,2022-10-10,2026-09-29,167.32
PZU86,inPZU Obligacje Skarbowe Amerykańskie O,PLN,1185,2022-01-18,2026-09-29,87.48
PZU86A,inPZU Obligacje Skarbowe Amerykańskie,PLN,1185,2022-01-18,2026-09-29,87.5
PZU86P,inPZU Obligacje Skarbowe Amerykańskie P,PLN,819,2023-06-30,2026-09-29,90.02
PZU86S,inPZU Obligacje Skarbowe Amerykańskie S,PLN,1000,2022-10-10,2026-09-29,90.62
PZU86W,inPZU Obligacje Skarbowe Amerykańskie W,PLN,1000,2022-10-10,2026-09-29,89.97
PZU89,inPZU Akcje Sektora Cyberbezpieczeństwa O,PLN,754,2023-10-02,2026-09-29,203.84
PZU89A,inPZU Akcje Sektora Cyberbezpieczeństwa,PLN,743,2023-10-17,2026-09-29,203.85
PZU90,inPZU Akcje Sektora Technologii Kosmicznych O,PLN,754,2023-10-02,2026-09-29,159.97
PZU90A,inPZU Akcje Sektora Technologii Kosmicznych,PLN,743,2023-10-17,2026-09-29,160.05
PZU92,inPZU Zielone Obligacje O,PLN,754,2023-10-02,2026-09-29,112.98
PZU92A,inPZU Zielone Obligacje,PLN,743,2023-10-17,2026-09-29,113.01
PZU93,inPZU Obligacje Korporacyjne High Yield O,PLN,754,2023-10-02,2026-09-29,123.99
PZU93A,inPZU Obligacje Korporacyjne High Yield,PLN,743,2023-10-17,2026-09-29,123.97
PZU94,inPZU Puls Życia 2070 R,PLN,690,2024-01-04,2026-09-29,162.61
PZU94A,inPZU Puls Życia 2070,PLN,567,2024-07-01,2026-09-29,162.54
PZU94P,inPZU Puls Życia 2070 P,PLN,690,2024-01-04,2026-09-29,167.36
PZU94S,inPZU Puls Życia 2070 S,PLN,606,2024-05-06,2026-09-29,163.18
PZU94W,inPZU Puls Życia 2070 W,PLN,520,2024-09-05,2026-09-29,165.75
PZU95,PZU Obligacji Odpowiedzialnego Rozwoju,PLN,2501,2016-10-26,2026-09-29,58.8
PZU95F,PZU Obligacji Odpowiedzialnego Rozwoju F,PLN,2501,2016-10-26,2026-09-29,63.08
PZU95I,PZU Obligacji Odpowiedzialnego Rozwoju I,PLN,2501,2016-10-26,2026-09-29,59.95
PZU95S,PZU Obligacji Odpowiedzialnego Rozwoju S,PLN,1892,2019-04-01,2026-09-29,62.36
PZU95U,PZU Obligacji Odpowiedzialnego Rozwoju U,PLN,2267,2017-10-02,2026-09-29,62.83
PZU95W,PZU Obligacji Odpowiedzialnego Rozwoju W,PLN,1814,2019-07-24,2026-09-29,63.26
PZU96,PZU Dłużny Korporacyjny,PLN,442,2024-12-30,2026-09-29,75.78
PZU97,inPZU Akcje Polskie Małych i Średnich Spółek O,PLN,1692,2020-01-21,2026-09-29,224.32
PZU97A,inPZU Akcje Polskie Małych i Średnich Spółek,PLN,1318,2021-07-12,2026-09-29,224.36
PZU97P,inPZU Akcje Polskie Małych i Średnich Spółek P,PLN,819,2023-06-30,2026-09-29,227.34
PZU97S,inPZU Akcje Polskie Małych i Średnich Spółek S,PLN,1053,2022-07-26,2026-09-29,227.55
PZU97W,inPZU Akcje Polskie Małych i Średnich Spółek W,PLN,1000,2022-10-10,2026-09-29,226.81
PZU99,inPZU Złoto O,PLN,275,2025-08-28,2026-09-29,138.11
PZU99A,inPZU Złoto,PLN,275,2025-08-28,2026-09-29,138.08
QRS01,QUERCUS Agresywny,PLN,4663,2008-03-28,2026-09-29,498.73
QRS03,QUERCUS Akumulacji Kapitału,PLN,4663,2008-03-28,2026-09-29,212.01
QRS06,QUERCUS lev,PLN,4119,2010-05-28,2026-09-29,142.76
QRS07,QUERCUS short,PLN,4119,2010-05-28,2026-09-29,30.17
QRS16,Acer Multistrategy FIZ,PLN,3575,2012-07-25,2026-09-29,294.08
QRS19,QUERCUS Absolutny,PLN,3255,2013-10-30,2026-09-29,161.07
QRS20,QUERCUS Gold,PLN,3631,2012-05-07,2026-09-29,131.3
QRS21,QUERCUS Multistrategy FIZ,PLN,2725,2015-12-08,2026-09-29,2345.51
QRS23,QUERCUS Global Growth,PLN,2354,2017-05-30,2026-09-29,281.24
QRS27,QUERCUS Obligacji Skarbowych,PLN,1957,2018-12-28,2026-09-29,82.69
QRS28,QUERCUS Dłużny Krótkoterminowy,PLN,1957,2018-12-28,2026-09-29,104.33
QRS29,QUERCUS Global Balanced,PLN,1957,2018-12-28,2026-09-29,218.6
QRS32,QUERCUS Silver,PLN,1451,2020-12-30,2026-09-29,209.53
QRS33,QUERCUS Dłużny 1,PLN,1326,2021-06-30,2026-09-29,116.55
QRS34,QUERCUS Dłużny 2,PLN,1326,2021-06-30,2026-09-29,125.26
QRS35,QUERCUS Tech lev,PLN,754,2023-10-02,2026-09-29,283.3
QRS36,Alphaset FIZ,PLN,1957,2018-12-28,2026-09-29,1834.2
SKR01,Skarbiec Akcji Polskich,PLN,7304,1997-10-09,2026-09-29,613.9
SKR01P,Skarbiec Akcji Polskich PPE,PLN,2069,2018-07-18,2026-09-29,237.04
SKR05,Skarbiec Obligacji,PLN,6921,1999-04-14,2026-09-29,347.55
SKR05B,Skarbiec Obligacji B,PLN,2812,2015-08-06,2026-09-29,386.81
SKR05P,Skarbiec Obligacji PPE,PLN,2141,2018-04-04,2026-09-29,123.01
SKR06,Skarbiec Stabilnego Wzrostu,PLN,6857,1999-07-15,2026-09-29,252.24
SKR06P,Skarbiec Stabilnego Wzrostu PPE,PLN,2141,2018-04-04,2026-09-29,182.62
SKR110,Skarbiec Value,PLN,1638,2020-04-06,2026-09-29,374.43
SKR113,Skarbiec Krótkoterminowy Skarbowy,PLN,1021,2022-09-09,2026-09-29,129.06
SKR113B,Skarbiec Krótkoterminowy Skarbowy B,PLN,1021,2022-09-09,2026-09-29,136.87
SKR114,Skarbiec Polskich Innowacji,PLN,870,2023-04-17,2026-09-29,227.87
SKR115,Strategia na min. 10 lat,PLN,853,2023-05-12,2026-09-29,17.07
SKR116,Strategia na min. 3 lata,PLN,853,2023-05-12,2026-09-29,11.73
SKR117,Emerytura 2035,PLN,853,2023-05-12,2026-09-29,13.26
SKR117B,Emerytura 2035 B,PLN,470,2024-11-18,2026-09-29,11.7
SKR118,Emerytura 2045,PLN,853,2023-05-12,2026-09-29,14.24
SKR118B,Emerytura 2045 B,PLN,470,2024-11-18,2026-09-29,12.16
SKR119,Emerytura 2055,PLN,853,2023-05-12,2026-09-29,14.95
SKR119B,Emerytura 2055 B,PLN,470,2024-11-18,2026-09-29,12.66
SKR120,Skarbiec Krótkoterminowy Uniwersalny,PLN,7304,1997-10-09,2026-09-29,438.71
SKR120B,Skarbiec Krótkoterminowy Uniwersalny B,PLN,2812,2015-08-06,2026-09-29,461.97
SKR120P,Skarbiec Krótkoterminowy Uniwersalny PPE,PLN,2070,2018-07-17,2026-09-29,132.29
SKR36,Skarbiec Małych i Średnich Spółek,PLN,4856,2007-06-20,2026-09-29,358.11
SKR36P,Skarbiec Małych i Średnich Spółek PPE,PLN,2141,2018-04-04,2026-09-29,492.84
SKR41,Skarbiec Rynków Surowcowych,PLN,4720,2008-01-07,2026-09-29,73.82
SKR54,Skarbiec Spółek Wzrostowych,PLN,3879,2011-05-11,2026-09-29,336.82
SKR54P,Skarbiec Spółek Wzrostowych PPE,PLN,2141,2018-04-04,2026-09-29,458.07
SKR61,Skarbiec Market Neutral,PLN,3552,2012-08-28,2026-09-29,115.02
SKR71,Skarbiec Top Brands,PLN,3176,2014-02-26,2026-09-29,263.21
SKR78,Skarbiec Nowej Generacji,PLN,2763,2015-10-14,2026-09-29,481.35
SKR96,Strategia na min. 5 lat,PLN,2493,2016-11-08,2026-09-29,150.93
SKR97,Strategia na min. 7 lat,PLN,2493,2016-11-08,2026-09-29,163.96
VIG01,VIG / C-QUADRAT Konserwatywny B,PLN,1250,2021-10-14,2026-09-29,129.19
VIG01B,VIG / C-QUADRAT Konserwatywny,PLN,1250,2021-10-14,2026-09-29,126.67
VIG02,VIG / C-QUADRAT Obligacji Uniwersalny B,PLN,1250,2021-10-14,2026-09-29,112.27
VIG02B,VIG / C-QUADRAT Obligacji Uniwersalny,PLN,1250,2021-10-14,2026-09-29,108.15
VIG03,VIG / C-QUADRAT Obligacji Korporacyjnych B,PLN,1250,2021-10-14,2026-09-29,131.65
VIG03B,VIG / C-QUADRAT Obligacji Korporacyjnych,PLN,1250,2021-10-14,2026-09-29,128.43
VIG04,VIG / C-QUADRAT Akcji B,PLN,1250,2021-10-14,2026-09-29,221.9
VIG04B,VIG / C-QUADRAT Akcji,PLN,1250,2021-10-14,2026-09-29,207.4
VIG05,VIG / C-QUADRAT Global Growth Trends B,PLN,1227,2021-11-18,2026-09-29,248.24
VIG05B,VIG / C-QUADRAT Global Growth Trends,PLN,1227,2021-11-18,2026-09-29,239.16
VIG06,C-QUADRAT ARTS Total Return Bond B,PLN,1227,2021-11-18,2026-09-29,123.6
VIG06B,C-QUADRAT ARTS Total Return Bond,PLN,1227,2021-11-18,2026-09-29,120.43
VIG08,C-QUADRAT ARTS Total Return Flexible B,PLN,1005,2022-10-03,2026-09-29,133.51
VIG08B,C-QUADRAT ARTS Total Return Flexible,PLN,1005,2022-10-03,2026-09-29,128.84
VIG09,VIG / C-QUADRAT GreenStars B,PLN,1227,2021-11-18,2026-09-29,149.05
VIG09B,VIG / C-QUADRAT GreenStars,PLN,1227,2021-11-18,2026-09-29,141.93
VIG10,C-QUADRAT ARTS Best Momentum B,PLN,202,2025-12-10,2026-09-29,105.4
VIG10B,C-QUADRAT ARTS Best Momentum,PLN,202,2025-12-10,2026-09-29,104.95
